{"initial_reset_timestamp": 113.5149822, "timestamps": [151.6344309, 187.0743723, 216.6711877, 262.2819172, 306.2500829, 339.3903508, 379.3565181, 415.9778606, 453.6593762, 482.6396488, 514.9886701, 550.3816152, 586.3350791, 621.336486, 652.431991, 693.1983003, 730.149065, 765.3173008, 800.6971275, 834.1860365], "episode_lengths": [6103, 5813, 5476, 5983, 7362, 5742, 6780, 7010, 7099, 5059, 6011, 6573, 6535, 6119, 5871, 7239, 6883, 6718, 6630, 5945], "episode_rewards": [3010.2999999995345, 2781.2999999996105, 2547.599999999554, 3898.2999999995977, 3636.199999999461, 3174.1999999995382, 3577.999999999464, 3500.999999999505, 3809.8999999994294, 1905.8999999995904, 3101.099999999524, 3457.29999999944, 3053.4999999994798, 3011.899999999514, 3687.099999999556, 3723.899999999364, 3988.299999999474, 3471.799999999501, 3262.999999999488, 3094.4999999995534], "episode_types": ["t", "t", "t", "t", "t", "t", "t", "t", "t", "t", "t", "t", "t", "t", "t", "t", "t", "t", "t", "t", "t"]}