{"initial_reset_timestamp": 295.6065243, "timestamps": [343.1627471, 390.1014095, 436.6149851, 487.5000531, 532.6887459, 575.5093038, 624.4972068, 668.5370888, 713.7797782, 756.1488545], "episode_lengths": [9539, 9539, 9539, 9539, 9539, 9539, 9539, 9539, 9539, 9539], "episode_rewards": [3353.899999999189, 3353.899999999189, 3353.899999999189, 3353.899999999189, 3353.899999999189, 3353.899999999189, 3353.899999999189, 3353.899999999189, 3353.899999999189, 3353.899999999189], "episode_types": ["t", "t", "t", "t", "t", "t", "t", "t", "t", "t", "t"]}